[[{"n": "0", "s": 0, "c": 157}, {"n": "1", "s": 157, "c": 157}, {"n": "2", "s": 314, "c": 784}, {"n": "4", "s": 1098, "c": 184}, {"n": "5", "s": 1282, "c": 160}, {"n": "6", "s": 1442, "c": 204}, {"n": "7", "s": 1646, "c": 714}, {"n": "8", "s": 2360, "c": 714}, {"n": "9", "s": 3074, "c": 160}, {"n": "10", "s": 3234, "c": 184}, {"n": "12", "s": 3418, "c": 1120}, {"n": "13", "s": 4538, "c": 2900}, {"n": "14", "s": 7438, "c": 2764}], [{"n": "15", "s": 0, "c": 36}, {"n": "16", "s": 36, "c": 304}, {"n": "17", "s": 340, "c": 124}, {"n": "18", "s": 464, "c": 2059}, {"n": "19", "s": 2523, "c": 396}, {"n": "20", "s": 2919, "c": 1176}, {"n": "21", "s": 4095, "c": 392}, {"n": "22", "s": 4487, "c": 267}, {"n": "23", "s": 4754, "c": 1110}, {"n": "24", "s": 5864, "c": 2991}], [{"n": "25", "s": 0, "c": 212}, {"n": "27", "s": 212, "c": 212}, {"n": "28", "s": 424, "c": 212}, {"n": "42", "s": 636, "c": 212}, {"n": "43", "s": 848, "c": 212}, {"n": "395", "s": 1060, "c": 212}, {"n": "396", "s": 1272, "c": 212}, {"n": "397", "s": 1484, "c": 212}, {"n": "398", "s": 1696, "c": 212}, {"n": "399", "s": 1908, "c": 212}, {"n": "400", "s": 2120, "c": 212}, {"n": "401", "s": 2332, "c": 212}, {"n": "402", "s": 2544, "c": 212}, {"n": "403", "s": 2756, "c": 212}, {"n": "404", "s": 2968, "c": 212}, {"n": "405", "s": 3180, "c": 212}, {"n": "406", "s": 3392, "c": 212}, {"n": "407", "s": 3604, "c": 212}, {"n": "408", "s": 3816, "c": 212}, {"n": "409", "s": 4028, "c": 212}, {"n": "410", "s": 4240, "c": 212}, {"n": "411", "s": 4452, "c": 212}, {"n": "412", "s": 4664, "c": 212}, {"n": "413", "s": 4876, "c": 212}, {"n": "414", "s": 5088, "c": 212}, {"n": "415", "s": 5300, "c": 212}, {"n": "416", "s": 5512, "c": 212}, {"n": "417", "s": 5724, "c": 212}, {"n": "418", "s": 5936, "c": 212}, {"n": "419", "s": 6148, "c": 212}, {"n": "420", "s": 6360, "c": 212}, {"n": "421", "s": 6572, "c": 212}, {"n": "422", "s": 6784, "c": 212}, {"n": "423", "s": 6996, "c": 212}, {"n": "424", "s": 7208, "c": 212}, {"n": "425", "s": 7420, "c": 212}, {"n": "426", "s": 7632, "c": 212}, {"n": "427", "s": 7844, "c": 212}, {"n": "428", "s": 8056, "c": 212}, {"n": "429", "s": 8268, "c": 212}, {"n": "430", "s": 8480, "c": 212}, {"n": "431", "s": 8692, "c": 212}, {"n": "432", "s": 8904, "c": 212}, {"n": "433", "s": 9116, "c": 212}, {"n": "434", "s": 9328, "c": 212}, {"n": "435", "s": 9540, "c": 212}, {"n": "436", "s": 9752, "c": 212}, {"n": "437", "s": 9964, "c": 212}, {"n": "438", "s": 10176, "c": 212}, {"n": "439", "s": 10388, "c": 212}, {"n": "440", "s": 10600, "c": 212}, {"n": "441", "s": 10812, "c": 212}, {"n": "442", "s": 11024, "c": 212}, {"n": "443", "s": 11236, "c": 212}, {"n": "444", "s": 11448, "c": 212}, {"n": "445", "s": 11660, "c": 212}, {"n": "446", "s": 11872, "c": 212}, {"n": "447", "s": 12084, "c": 212}, {"n": "448", "s": 12296, "c": 212}, {"n": "449", "s": 12508, "c": 212}, {"n": "450", "s": 12720, "c": 212}, {"n": "451", "s": 12932, "c": 212}, {"n": "452", "s": 13144, "c": 212}, {"n": "453", "s": 13356, "c": 212}, {"n": "454", "s": 13568, "c": 212}, {"n": "455", "s": 13780, "c": 212}, {"n": "456", "s": 13992, "c": 212}, {"n": "457", "s": 14204, "c": 212}, {"n": "458", "s": 14416, "c": 212}, {"n": "459", "s": 14628, "c": 212}], [{"n": "29", "s": 0, "c": 8}], [{"n": "30", "s": 0, "c": 296}], [{"n": "55", "s": 0, "c": 112}, {"n": "127", "s": 112, "c": 112}], [{"n": "199", "s": 0, "c": 128}, {"n": "223", "s": 128, "c": 128}, {"n": "307", "s": 256, "c": 128}, {"n": "327", "s": 384, "c": 128}, {"n": "328", "s": 512, "c": 128}, {"n": "329", "s": 640, "c": 128}, {"n": "330", "s": 768, "c": 128}, {"n": "331", "s": 896, "c": 128}, {"n": "332", "s": 1024, "c": 128}, {"n": "333", "s": 1152, "c": 128}, {"n": "334", "s": 1280, "c": 128}, {"n": "335", "s": 1408, "c": 128}, {"n": "336", "s": 1536, "c": 128}, {"n": "337", "s": 1664, "c": 128}, {"n": "338", "s": 1792, "c": 128}, {"n": "339", "s": 1920, "c": 128}, {"n": "340", "s": 2048, "c": 128}, {"n": "341", "s": 2176, "c": 128}, {"n": "342", "s": 2304, "c": 128}, {"n": "343", "s": 2432, "c": 128}, {"n": "344", "s": 2560, "c": 128}, {"n": "345", "s": 2688, "c": 128}, {"n": "346", "s": 2816, "c": 128}, {"n": "367", "s": 2944, "c": 128}, {"n": "368", "s": 3072, "c": 128}, {"n": "369", "s": 3200, "c": 128}, {"n": "370", "s": 3328, "c": 128}, {"n": "371", "s": 3456, "c": 128}, {"n": "372", "s": 3584, "c": 128}, {"n": "373", "s": 3712, "c": 128}, {"n": "374", "s": 3840, "c": 128}, {"n": "375", "s": 3968, "c": 128}, {"n": "376", "s": 4096, "c": 128}, {"n": "377", "s": 4224, "c": 128}, {"n": "378", "s": 4352, "c": 128}, {"n": "379", "s": 4480, "c": 128}, {"n": "380", "s": 4608, "c": 128}, {"n": "381", "s": 4736, "c": 128}, {"n": "382", "s": 4864, "c": 128}, {"n": "383", "s": 4992, "c": 128}, {"n": "384", "s": 5120, "c": 128}, {"n": "385", "s": 5248, "c": 128}, {"n": "386", "s": 5376, "c": 128}], [{"n": "387", "s": 0, "c": 44}], [{"n": "525", "s": 0, "c": 180}, {"n": "535", "s": 180, "c": 180}, {"n": "545", "s": 360, "c": 180}, {"n": "549", "s": 540, "c": 180}, {"n": "550", "s": 720, "c": 180}, {"n": "551", "s": 900, "c": 180}, {"n": "552", "s": 1080, "c": 180}, {"n": "553", "s": 1260, "c": 180}, {"n": "554", "s": 1440, "c": 180}, {"n": "555", "s": 1620, "c": 180}, {"n": "556", "s": 1800, "c": 180}, {"n": "557", "s": 1980, "c": 180}, {"n": "558", "s": 2160, "c": 180}, {"n": "559", "s": 2340, "c": 180}, {"n": "560", "s": 2520, "c": 180}, {"n": "561", "s": 2700, "c": 180}, {"n": "562", "s": 2880, "c": 180}, {"n": "563", "s": 3060, "c": 180}, {"n": "564", "s": 3240, "c": 180}, {"n": "565", "s": 3420, "c": 180}, {"n": "566", "s": 3600, "c": 180}, {"n": "567", "s": 3780, "c": 180}, {"n": "568", "s": 3960, "c": 180}, {"n": "569", "s": 4140, "c": 180}, {"n": "570", "s": 4320, "c": 180}, {"n": "571", "s": 4500, "c": 180}, {"n": "572", "s": 4680, "c": 180}], [{"n": "573", "s": 0, "c": 272}, {"n": "586", "s": 272, "c": 272}, {"n": "587", "s": 544, "c": 272}, {"n": "588", "s": 816, "c": 272}, {"n": "589", "s": 1088, "c": 272}, {"n": "590", "s": 1360, "c": 272}, {"n": "591", "s": 1632, "c": 272}, {"n": "592", "s": 1904, "c": 272}, {"n": "593", "s": 2176, "c": 272}, {"n": "594", "s": 2448, "c": 272}, {"n": "595", "s": 2720, "c": 272}, {"n": "596", "s": 2992, "c": 272}, {"n": "597", "s": 3264, "c": 272}, {"n": "598", "s": 3536, "c": 272}], [{"n": "625", "s": 0, "c": 296}, {"n": "1053", "s": 296, "c": 6184}], [{"n": "665", "s": 0, "c": 238}, {"n": "671", "s": 238, "c": 238}, {"n": "733", "s": 476, "c": 238}, {"n": "734", "s": 714, "c": 238}, {"n": "735", "s": 952, "c": 238}, {"n": "736", "s": 1190, "c": 238}, {"n": "737", "s": 1428, "c": 238}, {"n": "738", "s": 1666, "c": 238}, {"n": "739", "s": 1904, "c": 238}, {"n": "740", "s": 2142, "c": 238}, {"n": "749", "s": 2380, "c": 238}, {"n": "750", "s": 2618, "c": 238}, {"n": "751", "s": 2856, "c": 238}, {"n": "752", "s": 3094, "c": 238}, {"n": "753", "s": 3332, "c": 238}, {"n": "754", "s": 3570, "c": 238}, {"n": "755", "s": 3808, "c": 238}, {"n": "756", "s": 4046, "c": 238}], [{"n": "757", "s": 0, "c": 316}, {"n": "760", "s": 316, "c": 316}, {"n": "764", "s": 632, "c": 316}, {"n": "765", "s": 948, "c": 316}, {"n": "766", "s": 1264, "c": 316}, {"n": "767", "s": 1580, "c": 316}, {"n": "768", "s": 1896, "c": 316}, {"n": "769", "s": 2212, "c": 316}, {"n": "770", "s": 2528, "c": 316}, {"n": "778", "s": 2844, "c": 316}, {"n": "779", "s": 3160, "c": 316}, {"n": "780", "s": 3476, "c": 316}, {"n": "781", "s": 3792, "c": 316}, {"n": "782", "s": 4108, "c": 316}, {"n": "783", "s": 4424, "c": 316}, {"n": "784", "s": 4740, "c": 316}, {"n": "785", "s": 5056, "c": 316}, {"n": "1057", "s": 5372, "c": 2676}, {"n": "1058", "s": 8048, "c": 2676}, {"n": "1060", "s": 10724, "c": 2676}], [{"n": "787", "s": 0, "c": 56}, {"n": "788", "s": 56, "c": 56}, {"n": "789", "s": 112, "c": 56}, {"n": "796", "s": 168, "c": 504}, {"n": "797", "s": 672, "c": 504}, {"n": "798", "s": 1176, "c": 504}, {"n": "799", "s": 1680, "c": 56}, {"n": "802", "s": 1736, "c": 56}, {"n": "803", "s": 1792, "c": 56}, {"n": "804", "s": 1848, "c": 56}, {"n": "805", "s": 1904, "c": 56}, {"n": "806", "s": 1960, "c": 168}, {"n": "807", "s": 2128, "c": 168}, {"n": "809", "s": 2296, "c": 56}, {"n": "810", "s": 2352, "c": 56}, {"n": "811", "s": 2408, "c": 56}, {"n": "812", "s": 2464, "c": 56}, {"n": "813", "s": 2520, "c": 56}, {"n": "815", "s": 2576, "c": 56}, {"n": "816", "s": 2632, "c": 56}, {"n": "818", "s": 2688, "c": 56}, {"n": "820", "s": 2744, "c": 168}, {"n": "821", "s": 2912, "c": 168}, {"n": "822", "s": 3080, "c": 168}, {"n": "823", "s": 3248, "c": 56}, {"n": "836", "s": 3304, "c": 48}, {"n": "837", "s": 3352, "c": 48}, {"n": "838", "s": 3400, "c": 48}, {"n": "839", "s": 3448, "c": 48}, {"n": "840", "s": 3496, "c": 56}, {"n": "841", "s": 3552, "c": 56}, {"n": "842", "s": 3608, "c": 56}, {"n": "843", "s": 3664, "c": 56}, {"n": "844", "s": 3720, "c": 56}, {"n": "845", "s": 3776, "c": 56}, {"n": "846", "s": 3832, "c": 56}, {"n": "847", "s": 3888, "c": 56}, {"n": "848", "s": 3944, "c": 56}, {"n": "849", "s": 4000, "c": 56}, {"n": "850", "s": 4056, "c": 56}, {"n": "851", "s": 4112, "c": 56}, {"n": "852", "s": 4168, "c": 56}, {"n": "853", "s": 4224, "c": 48}, {"n": "855", "s": 4272, "c": 48}, {"n": "856", "s": 4320, "c": 48}, {"n": "857", "s": 4368, "c": 56}, {"n": "858", "s": 4424, "c": 56}, {"n": "861", "s": 4480, "c": 56}, {"n": "862", "s": 4536, "c": 48}, {"n": "863", "s": 4584, "c": 48}, {"n": "864", "s": 4632, "c": 48}, {"n": "865", "s": 4680, "c": 48}, {"n": "866", "s": 4728, "c": 56}, {"n": "867", "s": 4784, "c": 56}, {"n": "868", "s": 4840, "c": 56}, {"n": "869", "s": 4896, "c": 56}, {"n": "870", "s": 4952, "c": 56}, {"n": "871", "s": 5008, "c": 48}, {"n": "872", "s": 5056, "c": 48}, {"n": "873", "s": 5104, "c": 48}, {"n": "874", "s": 5152, "c": 48}, {"n": "875", "s": 5200, "c": 56}, {"n": "880", "s": 5256, "c": 56}, {"n": "886", "s": 5312, "c": 56}, {"n": "887", "s": 5368, "c": 56}, {"n": "889", "s": 5424, "c": 56}, {"n": "890", "s": 5480, "c": 56}, {"n": "891", "s": 5536, "c": 56}, {"n": "892", "s": 5592, "c": 56}, {"n": "894", "s": 5648, "c": 56}, {"n": "896", "s": 5704, "c": 56}, {"n": "897", "s": 5760, "c": 56}, {"n": "900", "s": 5816, "c": 56}, {"n": "902", "s": 5872, "c": 56}, {"n": "904", "s": 5928, "c": 56}, {"n": "907", "s": 5984, "c": 56}, {"n": "910", "s": 6040, "c": 56}, {"n": "911", "s": 6096, "c": 56}, {"n": "912", "s": 6152, "c": 56}, {"n": "913", "s": 6208, "c": 56}, {"n": "917", "s": 6264, "c": 56}, {"n": "918", "s": 6320, "c": 56}, {"n": "920", "s": 6376, "c": 56}, {"n": "921", "s": 6432, "c": 56}, {"n": "923", "s": 6488, "c": 48}, {"n": "924", "s": 6536, "c": 56}, {"n": "925", "s": 6592, "c": 48}, {"n": "929", "s": 6640, "c": 48}, {"n": "930", "s": 6688, "c": 56}, {"n": "931", "s": 6744, "c": 48}, {"n": "932", "s": 6792, "c": 48}, {"n": "933", "s": 6840, "c": 56}, {"n": "934", "s": 6896, "c": 40}, {"n": "935", "s": 6936, "c": 40}, {"n": "938", "s": 6976, "c": 48}, {"n": "939", "s": 7024, "c": 56}, {"n": "942", "s": 7080, "c": 48}, {"n": "943", "s": 7128, "c": 48}, {"n": "947", "s": 7176, "c": 48}, {"n": "949", "s": 7224, "c": 56}, {"n": "950", "s": 7280, "c": 32}, {"n": "951", "s": 7312, "c": 32}, {"n": "952", "s": 7344, "c": 32}, {"n": "962", "s": 7376, "c": 56}, {"n": "965", "s": 7432, "c": 56}, {"n": "974", "s": 7488, "c": 48}, {"n": "975", "s": 7536, "c": 48}, {"n": "979", "s": 7584, "c": 48}, {"n": "981", "s": 7632, "c": 56}, {"n": "985", "s": 7688, "c": 32}, {"n": "990", "s": 7720, "c": 56}, {"n": "991", "s": 7776, "c": 56}, {"n": "993", "s": 7832, "c": 48}, {"n": "994", "s": 7880, "c": 56}, {"n": "997", "s": 7936, "c": 56}, {"n": "1006", "s": 7992, "c": 48}, {"n": "1007", "s": 8040, "c": 48}, {"n": "1011", "s": 8088, "c": 48}, {"n": "1013", "s": 8136, "c": 56}, {"n": "1025", "s": 8192, "c": 48}, {"n": "1029", "s": 8240, "c": 56}, {"n": "1038", "s": 8296, "c": 48}, {"n": "1043", "s": 8344, "c": 48}, {"n": "1045", "s": 8392, "c": 56}], [{"n": "1051", "s": 0, "c": 352}], [{"n": "1052", "s": 0, "c": 96}]]