{
    "v": {
        "1": [
            0,
            0,
            0,
            0,
            0,
            0,
            0,
            0,
            0,
            0,
            0,
            0,
            0
        ],
        "3": [
            9,
            1,
            0,
            9,
            1,
            9,
            1,
            0,
            0,
            9,
            1,
            0,
            0
        ],
        "4": [
            1,
            7,
            9,
            1,
            9,
            1,
            7,
            9,
            0,
            1,
            7,
            9,
            0
        ],
        "5": [
            9,
            6,
            1,
            6,
            1,
            9,
            6,
            1,
            0,
            9,
            6,
            1,
            0
        ],
        "6": [
            0,
            8,
            0,
            0,
            8,
            0,
            8,
            0,
            0,
            0,
            8,
            0,
            0
        ],
        "7": [
            9,
            1,
            8,
            9,
            8,
            9,
            1,
            8,
            0,
            9,
            1,
            8,
            0
        ],
        "8": [
            9,
            1,
            6,
            1,
            6,
            9,
            1,
            6,
            0,
            9,
            1,
            6,
            0
        ],
        "9": [
            3,
            1,
            9,
            3,
            9,
            3,
            1,
            9,
            0,
            3,
            1,
            9,
            0
        ],
        "10": [
            5,
            6,
            9,
            5,
            6,
            5,
            6,
            9,
            0,
            5,
            6,
            9,
            0
        ]
    },
    "f": {
        "2": [
            10,
            4,
            5
        ],
        "3": [
            10,
            3,
            5
        ],
        "4": [
            3,
            5,
            6
        ],
        "5": [
            4,
            5,
            7
        ],
        "6": [
            6,
            7,
            8
        ],
        "7": [
            5,
            6,
            8
        ],
        "8": [
            7,
            8,
            9
        ],
        "1": [
            1,
            2,
            3
        ]
    }
}