[[{"n":"0","c":157,"s":0},{"n":"1","c":157,"s":157},{"n":"2","c":784,"s":314},{"n":"4","c":184,"s":1098},{"n":"5","c":160,"s":1282},{"n":"6","c":204,"s":1442},{"n":"7","c":714,"s":1646},{"n":"8","c":714,"s":2360},{"n":"9","c":160,"s":3074},{"n":"10","c":184,"s":3234},{"n":"12","c":1120,"s":3418},{"n":"13","c":2900,"s":4538},{"n":"14","c":2764,"s":7438}],[{"n":"15","c":36,"s":0},{"n":"16","c":304,"s":36},{"n":"17","c":124,"s":340},{"n":"18","c":2059,"s":464},{"n":"19","c":396,"s":2523},{"n":"20","c":1176,"s":2919},{"n":"21","c":392,"s":4095},{"n":"22","c":267,"s":4487},{"n":"23","c":1110,"s":4754},{"n":"24","c":2991,"s":5864}],[{"n":"25","c":212,"s":0},{"n":"27","c":212,"s":212},{"n":"28","c":212,"s":424},{"n":"42","c":212,"s":636},{"n":"43","c":212,"s":848},{"n":"395","c":212,"s":1060},{"n":"396","c":212,"s":1272},{"n":"397","c":212,"s":1484},{"n":"398","c":212,"s":1696},{"n":"399","c":212,"s":1908},{"n":"400","c":212,"s":2120},{"n":"401","c":212,"s":2332},{"n":"402","c":212,"s":2544},{"n":"403","c":212,"s":2756},{"n":"404","c":212,"s":2968},{"n":"405","c":212,"s":3180},{"n":"406","c":212,"s":3392},{"n":"407","c":212,"s":3604},{"n":"408","c":212,"s":3816},{"n":"409","c":212,"s":4028},{"n":"410","c":212,"s":4240},{"n":"411","c":212,"s":4452},{"n":"412","c":212,"s":4664},{"n":"413","c":212,"s":4876},{"n":"414","c":212,"s":5088},{"n":"415","c":212,"s":5300},{"n":"416","c":212,"s":5512},{"n":"417","c":212,"s":5724},{"n":"418","c":212,"s":5936},{"n":"419","c":212,"s":6148},{"n":"420","c":212,"s":6360},{"n":"421","c":212,"s":6572},{"n":"422","c":212,"s":6784},{"n":"423","c":212,"s":6996},{"n":"424","c":212,"s":7208},{"n":"425","c":212,"s":7420},{"n":"426","c":212,"s":7632},{"n":"427","c":212,"s":7844},{"n":"428","c":212,"s":8056},{"n":"429","c":212,"s":8268},{"n":"430","c":212,"s":8480},{"n":"431","c":212,"s":8692},{"n":"432","c":212,"s":8904},{"n":"433","c":212,"s":9116},{"n":"434","c":212,"s":9328},{"n":"435","c":212,"s":9540},{"n":"436","c":212,"s":9752},{"n":"437","c":212,"s":9964},{"n":"438","c":212,"s":10176},{"n":"439","c":212,"s":10388},{"n":"440","c":212,"s":10600},{"n":"441","c":212,"s":10812},{"n":"442","c":212,"s":11024},{"n":"443","c":212,"s":11236},{"n":"444","c":212,"s":11448},{"n":"445","c":212,"s":11660},{"n":"446","c":212,"s":11872},{"n":"447","c":212,"s":12084},{"n":"448","c":212,"s":12296},{"n":"449","c":212,"s":12508},{"n":"450","c":212,"s":12720},{"n":"451","c":212,"s":12932},{"n":"452","c":212,"s":13144},{"n":"453","c":212,"s":13356},{"n":"454","c":212,"s":13568},{"n":"455","c":212,"s":13780},{"n":"456","c":212,"s":13992},{"n":"457","c":212,"s":14204},{"n":"458","c":212,"s":14416},{"n":"459","c":212,"s":14628}],[{"n":"29","c":8,"s":0}],[{"n":"30","c":296,"s":0}],[{"n":"55","c":112,"s":0},{"n":"127","c":112,"s":112}],[{"n":"199","c":128,"s":0},{"n":"223","c":128,"s":128},{"n":"307","c":128,"s":256},{"n":"327","c":128,"s":384},{"n":"328","c":128,"s":512},{"n":"329","c":128,"s":640},{"n":"330","c":128,"s":768},{"n":"331","c":128,"s":896},{"n":"332","c":128,"s":1024},{"n":"333","c":128,"s":1152},{"n":"334","c":128,"s":1280},{"n":"335","c":128,"s":1408},{"n":"336","c":128,"s":1536},{"n":"337","c":128,"s":1664},{"n":"338","c":128,"s":1792},{"n":"339","c":128,"s":1920},{"n":"340","c":128,"s":2048},{"n":"341","c":128,"s":2176},{"n":"342","c":128,"s":2304},{"n":"343","c":128,"s":2432},{"n":"344","c":128,"s":2560},{"n":"345","c":128,"s":2688},{"n":"346","c":128,"s":2816},{"n":"367","c":128,"s":2944},{"n":"368","c":128,"s":3072},{"n":"369","c":128,"s":3200},{"n":"370","c":128,"s":3328},{"n":"371","c":128,"s":3456},{"n":"372","c":128,"s":3584},{"n":"373","c":128,"s":3712},{"n":"374","c":128,"s":3840},{"n":"375","c":128,"s":3968},{"n":"376","c":128,"s":4096},{"n":"377","c":128,"s":4224},{"n":"378","c":128,"s":4352},{"n":"379","c":128,"s":4480},{"n":"380","c":128,"s":4608},{"n":"381","c":128,"s":4736},{"n":"382","c":128,"s":4864},{"n":"383","c":128,"s":4992},{"n":"384","c":128,"s":5120},{"n":"385","c":128,"s":5248},{"n":"386","c":128,"s":5376}],[{"n":"387","c":44,"s":0}],[{"n":"525","c":180,"s":0},{"n":"535","c":180,"s":180},{"n":"545","c":180,"s":360},{"n":"549","c":180,"s":540},{"n":"550","c":180,"s":720},{"n":"551","c":180,"s":900},{"n":"552","c":180,"s":1080},{"n":"553","c":180,"s":1260},{"n":"554","c":180,"s":1440},{"n":"555","c":180,"s":1620},{"n":"556","c":180,"s":1800},{"n":"557","c":180,"s":1980},{"n":"558","c":180,"s":2160},{"n":"559","c":180,"s":2340},{"n":"560","c":180,"s":2520},{"n":"561","c":180,"s":2700},{"n":"562","c":180,"s":2880},{"n":"563","c":180,"s":3060},{"n":"564","c":180,"s":3240},{"n":"565","c":180,"s":3420},{"n":"566","c":180,"s":3600},{"n":"567","c":180,"s":3780},{"n":"568","c":180,"s":3960},{"n":"569","c":180,"s":4140},{"n":"570","c":180,"s":4320},{"n":"571","c":180,"s":4500},{"n":"572","c":180,"s":4680}],[{"n":"573","c":272,"s":0},{"n":"586","c":272,"s":272},{"n":"587","c":272,"s":544},{"n":"588","c":272,"s":816},{"n":"589","c":272,"s":1088},{"n":"590","c":272,"s":1360},{"n":"591","c":272,"s":1632},{"n":"592","c":272,"s":1904},{"n":"593","c":272,"s":2176},{"n":"594","c":272,"s":2448},{"n":"595","c":272,"s":2720},{"n":"596","c":272,"s":2992},{"n":"597","c":272,"s":3264},{"n":"598","c":272,"s":3536}],[{"n":"625","c":296,"s":0},{"n":"1053","c":6184,"s":296}],[{"n":"665","c":238,"s":0},{"n":"671","c":238,"s":238},{"n":"733","c":238,"s":476},{"n":"734","c":238,"s":714},{"n":"735","c":238,"s":952},{"n":"736","c":238,"s":1190},{"n":"737","c":238,"s":1428},{"n":"738","c":238,"s":1666},{"n":"739","c":238,"s":1904},{"n":"740","c":238,"s":2142},{"n":"749","c":238,"s":2380},{"n":"750","c":238,"s":2618},{"n":"751","c":238,"s":2856},{"n":"752","c":238,"s":3094},{"n":"753","c":238,"s":3332},{"n":"754","c":238,"s":3570},{"n":"755","c":238,"s":3808},{"n":"756","c":238,"s":4046}],[{"n":"757","c":316,"s":0},{"n":"760","c":316,"s":316},{"n":"764","c":316,"s":632},{"n":"765","c":316,"s":948},{"n":"766","c":316,"s":1264},{"n":"767","c":316,"s":1580},{"n":"768","c":316,"s":1896},{"n":"769","c":316,"s":2212},{"n":"770","c":316,"s":2528},{"n":"778","c":316,"s":2844},{"n":"779","c":316,"s":3160},{"n":"780","c":316,"s":3476},{"n":"781","c":316,"s":3792},{"n":"782","c":316,"s":4108},{"n":"783","c":316,"s":4424},{"n":"784","c":316,"s":4740},{"n":"785","c":316,"s":5056},{"n":"1057","c":2676,"s":5372},{"n":"1058","c":2676,"s":8048},{"n":"1060","c":2676,"s":10724}],[{"n":"787","c":56,"s":0},{"n":"788","c":56,"s":56},{"n":"789","c":56,"s":112},{"n":"796","c":504,"s":168},{"n":"797","c":504,"s":672},{"n":"798","c":504,"s":1176},{"n":"799","c":56,"s":1680},{"n":"802","c":56,"s":1736},{"n":"803","c":56,"s":1792},{"n":"804","c":56,"s":1848},{"n":"805","c":56,"s":1904},{"n":"806","c":168,"s":1960},{"n":"807","c":168,"s":2128},{"n":"809","c":56,"s":2296},{"n":"810","c":56,"s":2352},{"n":"811","c":56,"s":2408},{"n":"812","c":56,"s":2464},{"n":"813","c":56,"s":2520},{"n":"815","c":56,"s":2576},{"n":"816","c":56,"s":2632},{"n":"818","c":56,"s":2688},{"n":"820","c":168,"s":2744},{"n":"821","c":168,"s":2912},{"n":"822","c":168,"s":3080},{"n":"823","c":56,"s":3248},{"n":"836","c":48,"s":3304},{"n":"837","c":48,"s":3352},{"n":"838","c":48,"s":3400},{"n":"839","c":48,"s":3448},{"n":"840","c":56,"s":3496},{"n":"841","c":56,"s":3552},{"n":"842","c":56,"s":3608},{"n":"843","c":56,"s":3664},{"n":"844","c":56,"s":3720},{"n":"845","c":56,"s":3776},{"n":"846","c":56,"s":3832},{"n":"847","c":56,"s":3888},{"n":"848","c":56,"s":3944},{"n":"849","c":56,"s":4000},{"n":"850","c":56,"s":4056},{"n":"851","c":56,"s":4112},{"n":"852","c":56,"s":4168},{"n":"853","c":48,"s":4224},{"n":"855","c":48,"s":4272},{"n":"856","c":48,"s":4320},{"n":"857","c":56,"s":4368},{"n":"858","c":56,"s":4424},{"n":"861","c":56,"s":4480},{"n":"862","c":48,"s":4536},{"n":"863","c":48,"s":4584},{"n":"864","c":48,"s":4632},{"n":"865","c":48,"s":4680},{"n":"866","c":56,"s":4728},{"n":"867","c":56,"s":4784},{"n":"868","c":56,"s":4840},{"n":"869","c":56,"s":4896},{"n":"870","c":56,"s":4952},{"n":"871","c":48,"s":5008},{"n":"872","c":48,"s":5056},{"n":"873","c":48,"s":5104},{"n":"874","c":48,"s":5152},{"n":"875","c":56,"s":5200},{"n":"880","c":56,"s":5256},{"n":"886","c":56,"s":5312},{"n":"887","c":56,"s":5368},{"n":"889","c":56,"s":5424},{"n":"890","c":56,"s":5480},{"n":"891","c":56,"s":5536},{"n":"892","c":56,"s":5592},{"n":"894","c":56,"s":5648},{"n":"896","c":56,"s":5704},{"n":"897","c":56,"s":5760},{"n":"900","c":56,"s":5816},{"n":"902","c":56,"s":5872},{"n":"904","c":56,"s":5928},{"n":"907","c":56,"s":5984},{"n":"910","c":56,"s":6040},{"n":"911","c":56,"s":6096},{"n":"912","c":56,"s":6152},{"n":"913","c":56,"s":6208},{"n":"917","c":56,"s":6264},{"n":"918","c":56,"s":6320},{"n":"920","c":56,"s":6376},{"n":"921","c":56,"s":6432},{"n":"923","c":48,"s":6488},{"n":"924","c":56,"s":6536},{"n":"925","c":48,"s":6592},{"n":"929","c":48,"s":6640},{"n":"930","c":56,"s":6688},{"n":"931","c":48,"s":6744},{"n":"932","c":48,"s":6792},{"n":"933","c":56,"s":6840},{"n":"934","c":40,"s":6896},{"n":"935","c":40,"s":6936},{"n":"938","c":48,"s":6976},{"n":"939","c":56,"s":7024},{"n":"942","c":48,"s":7080},{"n":"943","c":48,"s":7128},{"n":"947","c":48,"s":7176},{"n":"949","c":56,"s":7224},{"n":"950","c":32,"s":7280},{"n":"951","c":32,"s":7312},{"n":"952","c":32,"s":7344},{"n":"962","c":56,"s":7376},{"n":"965","c":56,"s":7432},{"n":"974","c":48,"s":7488},{"n":"975","c":48,"s":7536},{"n":"979","c":48,"s":7584},{"n":"981","c":56,"s":7632},{"n":"985","c":32,"s":7688},{"n":"990","c":56,"s":7720},{"n":"991","c":56,"s":7776},{"n":"993","c":48,"s":7832},{"n":"994","c":56,"s":7880},{"n":"997","c":56,"s":7936},{"n":"1006","c":48,"s":7992},{"n":"1007","c":48,"s":8040},{"n":"1011","c":48,"s":8088},{"n":"1013","c":56,"s":8136},{"n":"1025","c":48,"s":8192},{"n":"1029","c":56,"s":8240},{"n":"1038","c":48,"s":8296},{"n":"1043","c":48,"s":8344},{"n":"1045","c":56,"s":8392}],[{"n":"1051","c":352,"s":0}],[{"n":"1052","c":96,"s":0}]]